INSERT IGNORE INTO company (id, `name`, reg_date)
VALUES (1, 'Zooxo', '2022-08-20'),
       (2, 'Dynabox', '2023-06-16'),
       (3, 'Flashdog', '2022-12-10'),
       (4, 'Divape', '2023-05-19'),
       (5, 'Realbuzz', '2023-06-12'),
       (6, 'Eayo', '2022-09-15'),
       (7, 'Kamba', '2023-03-16'),
       (8, 'Quaxo', '2023-05-31'),
       (9, 'Ainyx', '2022-09-25'),
       (10, 'Livepath', '2022-11-22');

INSERT IGNORE INTO `users` (id, company_id, `name`, reg_date)
VALUES (1, 1, 'iouthwaite0','2022-08-20'),
       (2, 2, 'kmcpolin1', '2023-06-16'),
       (3, 3, 'tharms2', '2022-12-10'),
       (4, 4, 'ktrencher3', '2023-05-19'),
       (5, 5, 'llamburne4', '2023-06-12'),
       (6, 6, 'dalthrope5', '2022-09-15'),
       (7, 7, 'mcoltart6', '2023-03-16'),
       (8, 8, 'cstivani7',  '2023-05-31'),
       (9, 9, 'mhaw8', '2022-09-25'),
       (10, 10, 'mloughney9', '2022-11-22');

INSERT IGNORE INTO item (id, company_id, name, price, quantity, reg_date)
VALUES (1, 3, 'Flour - Fast / Rapid', 71494, 79, '2022-09-14'),
       (2, 9, 'Sauce - Fish 25 Ozf Bottle', 7121, 93, '2022-11-15'),
       (3, 1, 'Cake Circle, Foil, Scallop', 3414, 65, '2023-02-06'),
       (4, 6, 'Soup - Campbells Mushroom', 2560, 24, '2023-04-12'),
       (5, 2, 'Pop Shoppe Cream Soda', 22593, 69, '2022-12-01'),
       (6, 7, 'Bread - Sour Sticks With Onion', 10573, 58, '2022-12-10'),
       (7, 1, 'Wine - Sogrape Mateus Rose', 23176, 9, '2023-05-27'),
       (8, 9, 'English Muffin', 96809, 69, '2022-11-19'),
       (9, 4, 'Juice - Apple, 1.36l', 26222, 33, '2023-02-12'),
       (10, 4, 'Steampan - Half Size Shallow', 95378, 19, '2023-01-17'),
       (11, 4, 'Jello - Assorted', 42730, 71, '2022-09-05'),
       (12, 4, 'Melon - Watermelon, Seedless', 88561, 55, '2023-05-11'),
       (13, 7, 'Tea - Green', 53488, 26, '2023-06-20'),
       (14, 3, 'Bagelers - Cinn / Brown', 37887, 99, '2022-11-08'),
       (15, 6, 'Mountain Dew', 58395, 31, '2023-04-11'),
       (16, 10, 'Squash - Acorn', 67607, 4, '2023-07-05'),
       (17, 3, 'Okra', 28233, 1, '2022-10-06'),
       (18, 5, 'Nut - Chestnuts, Whole', 83074, 39, '2023-03-18'),
       (19, 6, 'Cheese - Taleggio D.o.p.', 26432, 87, '2023-03-27'),
       (20, 2, 'Spice - Paprika', 93681, 60, '2023-04-15'),
       (21, 4, 'Yogurt - Strawberry, 175 Gr', 30644, 96, '2022-11-10'),
       (22, 4, 'Appetizer - Tarragon Chicken', 86271, 47, '2022-11-10'),
       (23, 2, 'Lobster - Tail, 3 - 4 Oz', 23013, 98, '2022-12-11'),
       (24, 4, 'Orange - Canned, Mandarin', 58575, 31, '2023-02-10'),
       (25, 4, 'Liqueur Banana, Ramazzotti', 3601, 34, '2022-11-15'),
       (26, 10, 'Soup - Campbellschix Stew', 7132, 99, '2022-08-19'),
       (27, 3, 'Duck - Fat', 42687, 63, '2023-07-22'),
       (28, 4, 'Sobe - Lizard Fuel', 78454, 21, '2023-04-04'),
       (29, 5, 'Flour Pastry Super Fine', 80435, 76, '2023-07-20'),
       (30, 3, 'Jam - Marmalade, Orange', 36824, 74, '2022-12-22'),
       (31, 9, 'Sugar - Splenda Sweetener', 97448, 87, '2022-12-20'),
       (32, 2, 'Wine - Placido Pinot Grigo', 32101, 98, '2023-03-11'),
       (33, 9, 'Wheat - Soft Kernal Of Wheat', 14026, 37, '2023-05-12'),
       (34, 4, 'Cheese Cloth', 26375, 58, '2023-03-21'),
       (35, 1, 'Tea - Darjeeling, Azzura', 67284, 88, '2023-01-20'),
       (36, 5, 'Bread - Onion Focaccia', 76550, 16, '2023-01-27'),
       (37, 1, 'Bread - Rolls, Corn', 2059, 15, '2022-09-08'),
       (38, 4, 'Chocolate - Semi Sweet', 80443, 67, '2022-12-28'),
       (39, 7, 'Bagelers - Cinn / Brown', 8105, 97, '2023-06-24'),
       (40, 9, 'Goat - Whole Cut', 88441, 58, '2023-07-08'),
       (41, 6, 'Rappini - Andy Boy', 1198, 35, '2022-09-24'),
       (42, 4, 'Tomatoes - Orange', 90486, 3, '2022-09-17'),
       (43, 8, 'Pasta - Gnocchi, Potato', 82008, 37, '2022-11-29'),
       (44, 6, 'Vacuum Bags 12x16', 40884, 61, '2022-10-25'),
       (45, 7, 'Crush - Orange, 355ml', 69972, 3, '2022-09-15'),
       (46, 8, 'Cheese - Brie, Triple Creme', 23258, 85, '2023-06-16'),
       (47, 5, 'Wheat - Soft Kernal Of Wheat', 13135, 66, '2023-05-13'),
       (48, 6, 'Couscous', 58739, 32, '2023-03-04'),
       (49, 3, 'Muffin - Blueberry Individual', 53545, 14, '2022-08-22'),
       (50, 1, 'Jam - Strawberry, 20 Ml Jar', 63100, 14, '2022-09-12');

INSERT IGNORE INTO orders (id, company_id, order_date, order_status, order_amount, delivery_address, reg_date)
VALUES (1, 5, '2022-09-29 20:40:32', 'COMPLETED', 17785, '317 Dorton Way', '2023-07-11 11:16:44'),
       (2, 5, '2022-12-17 18:38:04', 'PENDING', 90854, '7 Reindahl Plaza', '2023-03-02 17:21:52'),
       (3, 1, '2023-06-03 13:15:46', 'COMPLETED', 33775, '8736 Schlimgen Drive', '2023-05-12 13:05:04'),
       (4, 1, '2023-03-03 20:16:57', 'PENDING', 59264, '56579 Haas Road', '2023-03-08 14:24:06'),
       (5, 10, '2023-05-23 02:39:37', 'PENDING', 22350, '62609 Vidon Street', '2023-04-16 14:10:26'),
       (6, 1, '2022-12-25 05:36:39', 'PENDING', 14837, '27 Butterfield Trail', '2022-11-18 22:00:14'),
       (7, 4, '2022-10-11 17:12:06', 'PENDING', 57417, '89 Paget Crossing', '2022-10-24 02:34:45'),
       (8, 2, '2022-11-14 11:05:04', 'COMPLETED', 19615, '1513 Fremont Street', '2022-11-30 20:38:58'),
       (9, 2, '2023-08-07 14:05:24', 'COMPLETED', 89410, '6932 Riverside Place', '2022-12-01 18:59:01'),
       (10, 6, '2023-05-13 08:20:03', 'PENDING', 84301, '67015 Anhalt Crossing', '2022-09-23 05:03:59'),
       (11, 1, '2023-02-12 18:40:58', 'PENDING', 74038, '88 Jana Terrace', '2022-11-03 01:27:38'),
       (12, 1, '2023-07-21 06:31:35', 'PENDING', 73277, '38141 Bunker Hill Park', '2023-08-01 06:18:21'),
       (13, 3, '2023-03-24 21:22:57', 'PENDING', 44428, '603 John Wall Plaza', '2022-11-16 10:58:36'),
       (14, 6, '2023-04-11 07:40:28', 'PENDING', 86563, '0 Trailsway Drive', '2023-01-25 20:51:49'),
       (15, 3, '2022-08-17 07:43:59', 'PENDING', 81421, '139 Transport Street', '2023-01-18 12:54:10'),
       (16, 5, '2023-02-21 20:02:22', 'COMPLETED', 63660, '5 Lighthouse Bay Court', '2023-04-11 16:32:57'),
       (17, 5, '2023-01-02 02:37:29', 'COMPLETED', 75990, '8460 Fulton Hill', '2023-05-17 02:42:31'),
       (18, 2, '2022-11-07 10:30:54', 'PENDING', 52225, '7 Carey Drive', '2022-12-09 05:48:51'),
       (19, 4, '2022-12-27 05:22:54', 'PENDING', 35596, '4521 Daystar Crossing', '2022-08-30 06:12:36'),
       (20, 1, '2023-03-12 01:30:32', 'PENDING', 77866, '34 Dixon Pass', '2023-05-28 13:07:54'),
       (21, 2, '2023-07-03 03:16:38', 'PENDING', 37840, '11641 Kedzie Avenue', '2022-10-11 16:37:23'),
       (22, 6, '2022-12-09 12:47:03', 'COMPLETED', 31716, '03 Oxford Lane', '2022-12-13 17:46:03'),
       (23, 10, '2023-07-12 20:48:15', 'PENDING', 65717, '64 Ridge Oak Road', '2022-12-06 11:54:56'),
       (24, 8, '2022-08-31 00:26:03', 'PENDING', 51983, '999 Blaine Pass', '2022-12-18 15:57:33'),
       (25, 4, '2023-07-19 10:11:40', 'PENDING', 50493, '5 Dexter Crossing', '2022-09-30 14:25:45'),
       (26, 2, '2023-07-06 06:05:35', 'PENDING', 79629, '43930 Hagan Circle', '2022-09-21 15:19:48'),
       (27, 6, '2023-04-24 18:58:39', 'PENDING', 33246, '3797 Morning Lane', '2023-01-03 00:05:47'),
       (28, 1, '2023-06-24 06:08:05', 'PENDING', 22234, '87653 Lindbergh Point', '2023-03-28 13:15:00'),
       (29, 3, '2023-07-15 00:30:11', 'PENDING', 64294, '65 Green Ridge Lane', '2022-10-15 11:27:23'),
       (30, 1, '2023-06-25 19:03:33', 'PENDING', 29616, '04 Hermina Plaza', '2022-10-22 13:02:29'),
       (31, 5, '2023-05-13 23:18:42', 'PENDING', 81695, '9 Paget Place', '2023-01-24 10:42:12'),
       (32, 3, '2022-08-22 16:41:27', 'PENDING', 85364, '78287 Nevada Junction', '2023-02-27 22:46:34'),
       (33, 4, '2022-10-18 20:48:54', 'PENDING', 27807, '47915 Roth Street', '2023-01-20 14:25:01'),
       (34, 7, '2023-03-09 07:51:10', 'COMPLETED', 6806, '83710 Little Fleur Alley', '2022-08-12 23:00:47'),
       (35, 3, '2023-05-08 08:47:10', 'PENDING', 59544, '1560 Bowman Alley', '2023-06-29 20:55:17'),
       (36, 9, '2023-06-29 20:14:45', 'COMPLETED', 10578, '99 Barnett Drive', '2023-02-15 15:42:23'),
       (37, 8, '2023-01-01 08:03:14', 'PENDING', 44721, '9 Pierstorff Parkway', '2023-06-10 05:33:46'),
       (38, 3, '2023-06-16 20:32:57', 'COMPLETED', 80258, '099 Shasta Crossing', '2023-04-05 18:32:27'),
       (39, 6, '2023-01-08 08:15:31', 'COMPLETED', 10565, '4433 Stephen Parkway', '2022-09-20 06:54:37'),
       (40, 6, '2022-10-27 07:29:53', 'COMPLETED', 15375, '52 Straubel Pass', '2023-05-18 04:43:23'),
       (41, 2, '2022-09-02 15:46:46', 'COMPLETED', 100000, '8 Commercial Alley', '2022-11-07 14:20:16'),
       (42, 7, '2023-01-15 00:41:40', 'COMPLETED', 98132, '43516 Springs Point', '2023-07-13 21:16:34'),
       (43, 2, '2023-06-26 19:27:34', 'PENDING', 24128, '80772 Knutson Court', '2023-05-16 08:46:09'),
       (44, 10, '2023-01-02 07:04:43', 'PENDING', 43052, '10650 Comanche Pass', '2023-04-05 02:28:38'),
       (45, 10, '2023-04-28 12:46:30', 'PENDING', 26258, '7 Larry Alley', '2022-10-17 20:50:08'),
       (46, 4, '2023-01-21 00:54:47', 'COMPLETED', 32771, '9796 Almo Court', '2023-03-22 09:54:54'),
       (47, 2, '2022-08-29 11:36:40', 'PENDING', 16014, '75 Debra Terrace', '2023-01-23 03:41:30'),
       (48, 6, '2023-03-24 13:56:13', 'PENDING', 40532, '5650 Mesta Place', '2023-07-28 11:39:29'),
       (49, 8, '2022-08-22 00:38:50', 'COMPLETED', 68591, '841 Bluejay Center', '2023-07-15 04:05:50'),
       (50, 5, '2023-06-22 03:29:33', 'COMPLETED', 94422, '485 Ronald Regan Pass', '2023-02-25 07:11:52'),
       (51, 7, '2023-07-11 23:51:00', 'COMPLETED', 74910, '2 Namekagon Parkway', '2022-10-04 02:39:54'),
       (52, 3, '2023-05-26 11:11:51', 'COMPLETED', 57538, '15 Hansons Terrace', '2022-12-27 06:01:00'),
       (53, 5, '2023-03-07 20:12:39', 'PENDING', 90651, '4992 Gale Plaza', '2023-07-10 01:08:28'),
       (54, 4, '2023-07-08 19:20:41', 'COMPLETED', 38409, '12 Linden Point', '2023-02-19 06:10:18'),
       (55, 3, '2022-12-03 00:59:06', 'PENDING', 52768, '27 Lakewood Lane', '2022-10-19 05:10:05'),
       (56, 8, '2023-06-24 19:24:23', 'PENDING', 63334, '485 Mockingbird Crossing', '2023-07-23 22:57:53'),
       (57, 1, '2023-05-29 09:05:43', 'COMPLETED', 73296, '649 Meadow Vale Alley', '2023-04-03 17:16:40'),
       (58, 6, '2022-10-23 02:15:24', 'PENDING', 45253, '32747 Katie Terrace', '2023-04-10 00:17:34'),
       (59, 9, '2023-07-19 05:48:48', 'PENDING', 91338, '94422 Morningstar Place', '2022-08-31 11:41:58'),
       (60, 9, '2023-05-23 09:17:45', 'COMPLETED', 66758, '0 Grover Avenue', '2022-10-09 07:23:11'),
       (61, 9, '2022-12-25 18:32:55', 'COMPLETED', 99930, '92 Lien Point', '2023-04-01 21:44:16'),
       (62, 4, '2023-03-18 10:02:37', 'COMPLETED', 96966, '8619 Sycamore Park', '2023-06-05 18:15:30'),
       (63, 4, '2023-06-27 01:04:25', 'COMPLETED', 46722, '99 Lakewood Hill', '2023-08-04 05:51:42'),
       (64, 3, '2022-11-06 06:01:12', 'PENDING', 69054, '143 Summer Ridge Lane', '2022-09-01 07:24:53'),
       (65, 10, '2023-02-27 10:23:45', 'PENDING', 9824, '435 Walton Center', '2023-08-02 12:53:38'),
       (66, 2, '2023-02-10 05:14:19', 'PENDING', 82473, '54662 Pawling Alley', '2022-09-03 03:07:15'),
       (67, 1, '2022-11-24 15:16:24', 'COMPLETED', 38184, '52330 Alpine Circle', '2023-05-27 17:37:32'),
       (68, 7, '2023-04-25 15:04:31', 'PENDING', 64313, '10 Burning Wood Pass', '2023-07-26 05:56:03'),
       (69, 10, '2023-03-09 17:22:56', 'COMPLETED', 22483, '47 Beilfuss Hill', '2022-12-09 04:28:16'),
       (70, 7, '2022-10-16 12:22:23', 'PENDING', 95187, '17864 Gulseth Circle', '2023-02-04 08:56:58'),
       (71, 8, '2023-04-04 16:20:00', 'PENDING', 24172, '03 Namekagon Hill', '2022-09-11 05:36:44'),
       (72, 3, '2023-06-28 20:49:34', 'PENDING', 27644, '9 Ilene Way', '2022-08-25 22:21:57'),
       (73, 5, '2023-03-30 12:33:51', 'COMPLETED', 73585, '2290 Paget Terrace', '2022-10-19 22:30:50'),
       (74, 9, '2023-03-21 06:55:27', 'COMPLETED', 44582, '72 Grim Park', '2022-08-08 16:41:07'),
       (75, 8, '2023-07-24 22:37:07', 'COMPLETED', 30773, '40 Fairview Junction', '2023-07-22 10:35:59'),
       (76, 10, '2023-01-12 23:27:12', 'COMPLETED', 10876, '72136 Kennedy Way', '2022-10-26 12:50:16'),
       (77, 8, '2022-10-07 12:55:11', 'PENDING', 60044, '69181 Hauk Pass', '2023-02-21 18:50:06'),
       (78, 6, '2023-04-15 02:14:24', 'COMPLETED', 99812, '99 Anniversary Trail', '2023-06-26 01:06:33'),
       (79, 2, '2023-04-04 08:05:14', 'COMPLETED', 65925, '9503 Scott Junction', '2023-05-15 02:19:25'),
       (80, 2, '2023-08-03 03:39:35', 'PENDING', 94680, '70 Spenser Crossing', '2022-11-26 16:43:40'),
       (81, 1, '2022-11-27 11:44:59', 'PENDING', 55582, '871 Farragut Terrace', '2023-07-30 01:00:33'),
       (82, 7, '2022-12-04 03:58:05', 'PENDING', 93399, '4 Bellgrove Court', '2022-12-13 13:35:49'),
       (83, 7, '2022-12-07 00:34:35', 'COMPLETED', 11151, '2474 Monica Plaza', '2023-04-24 10:41:02'),
       (84, 8, '2023-07-20 12:20:47', 'COMPLETED', 82498, '977 Killdeer Parkway', '2023-07-22 21:45:54'),
       (85, 10, '2022-08-22 21:50:42', 'COMPLETED', 3071, '9 6th Place', '2022-11-23 22:02:28'),
       (86, 2, '2023-06-22 17:30:43', 'COMPLETED', 73204, '5 Talmadge Crossing', '2023-05-07 06:10:45'),
       (87, 2, '2023-07-15 02:31:13', 'COMPLETED', 9066, '5901 Pierstorff Pass', '2023-06-08 07:58:13'),
       (88, 7, '2023-03-04 23:04:38', 'COMPLETED', 23237, '800 Westport Plaza', '2022-08-31 06:57:21'),
       (89, 10, '2022-09-04 13:19:18', 'PENDING', 67588, '58 Weeping Birch Street', '2022-11-05 07:22:26'),
       (90, 1, '2023-07-11 13:28:14', 'COMPLETED', 58424, '866 4th Point', '2022-09-05 15:24:25'),
       (91, 2, '2022-09-05 12:56:52', 'PENDING', 45161, '29452 Claremont Hill', '2023-04-05 17:24:12'),
       (92, 2, '2022-08-25 10:23:12', 'COMPLETED', 21168, '06 Merchant Center', '2023-05-03 14:20:00'),
       (93, 5, '2023-03-04 22:50:53', 'COMPLETED', 85184, '158 Atwood Point', '2023-07-12 18:04:29'),
       (94, 7, '2022-12-16 20:26:34', 'PENDING', 34784, '93728 Brickson Park Avenue', '2023-02-21 15:52:21'),
       (95, 6, '2022-10-03 08:28:49', 'COMPLETED', 13637, '2 Butternut Lane', '2022-12-08 13:28:31'),
       (96, 5, '2023-01-03 02:15:58', 'PENDING', 85503, '4 Kinsman Alley', '2022-11-03 01:32:56'),
       (97, 3, '2023-08-02 04:26:13', 'COMPLETED', 52455, '3392 Delaware Lane', '2023-06-23 02:15:40'),
       (98, 10, '2022-11-29 11:35:29', 'COMPLETED', 87564, '88407 Buhler Center', '2023-08-03 11:01:28'),
       (99, 1, '2022-12-08 02:49:39', 'PENDING', 66134, '61767 Bluestem Lane', '2022-10-09 01:10:18'),
       (100, 5, '2023-04-21 22:53:11', 'PENDING', 59942, '2650 Anniversary Parkway', '2023-04-12 03:08:33');