INSERT IGNORE INTO company (id, `name`, reg_date)
VALUES (1, 'Zooxo', '2022-08-20'),
       (2, 'Dynabox', '2023-06-16'),
       (3, 'Flashdog', '2022-12-10'),
       (4, 'Divape', '2023-05-19'),
       (5, 'Realbuzz', '2023-06-12'),
       (6, 'Eayo', '2022-09-15'),
       (7, 'Kamba', '2023-03-16'),
       (8, 'Quaxo', '2023-05-31'),
       (9, 'Ainyx', '2022-09-25'),
       (10, 'Livepath', '2022-11-22');

INSERT IGNORE INTO `users` (id, company_id, `name`, reg_date)
VALUES (1, 1, 'iouthwaite0','2022-08-20'),
       (2, 2, 'kmcpolin1', '2023-06-16'),
       (3, 3, 'tharms2', '2022-12-10'),
       (4, 4, 'ktrencher3', '2023-05-19'),
       (5, 5, 'llamburne4', '2023-06-12'),
       (6, null, 'dalthrope5', '2022-09-15'),
       (7, null, 'mcoltart6', '2023-03-16'),
       (8, null, 'cstivani7',  '2023-05-31'),
       (9, null, 'mhaw8', '2022-09-25'),
       (10, null, 'mloughney9', '2022-11-22');

INSERT IGNORE INTO item (id, company_id, name, price, quantity, reg_date)
VALUES (1, 3, 'Flour - Fast / Rapid', 71494, 79, '2022-09-14'),
       (2, 9, 'Sauce - Fish 25 Ozf Bottle', 7121, 93, '2022-11-15'),
       (3, 1, 'Cake Circle, Foil, Scallop', 3414, 65, '2023-02-06'),
       (4, 6, 'Soup - Campbells Mushroom', 2560, 24, '2023-04-12'),
       (5, 2, 'Pop Shoppe Cream Soda', 22593, 69, '2022-12-01'),
       (6, 7, 'Bread - Sour Sticks With Onion', 10573, 58, '2022-12-10'),
       (7, 1, 'Wine - Sogrape Mateus Rose', 23176, 9, '2023-05-27'),
       (8, 9, 'English Muffin', 96809, 69, '2022-11-19'),
       (9, 4, 'Juice - Apple, 1.36l', 26222, 33, '2023-02-12'),
       (10, 4, 'Steampan - Half Size Shallow', 95378, 19, '2023-01-17'),
       (11, 4, 'Jello - Assorted', 42730, 71, '2022-09-05'),
       (12, 4, 'Melon - Watermelon, Seedless', 88561, 55, '2023-05-11'),
       (13, 7, 'Tea - Green', 53488, 26, '2023-06-20'),
       (14, 3, 'Bagelers - Cinn / Brown', 37887, 99, '2022-11-08'),
       (15, 6, 'Mountain Dew', 58395, 31, '2023-04-11'),
       (16, 10, 'Squash - Acorn', 67607, 4, '2023-07-05'),
       (17, 3, 'Okra', 28233, 1, '2022-10-06'),
       (18, 5, 'Nut - Chestnuts, Whole', 83074, 39, '2023-03-18'),
       (19, 6, 'Cheese - Taleggio D.o.p.', 26432, 87, '2023-03-27'),
       (20, 2, 'Spice - Paprika', 93681, 60, '2023-04-15'),
       (21, 4, 'Yogurt - Strawberry, 175 Gr', 30644, 96, '2022-11-10'),
       (22, 4, 'Appetizer - Tarragon Chicken', 86271, 47, '2022-11-10'),
       (23, 2, 'Lobster - Tail, 3 - 4 Oz', 23013, 98, '2022-12-11'),
       (24, 4, 'Orange - Canned, Mandarin', 58575, 31, '2023-02-10'),
       (25, 4, 'Liqueur Banana, Ramazzotti', 3601, 34, '2022-11-15'),
       (26, 10, 'Soup - Campbellschix Stew', 7132, 99, '2022-08-19'),
       (27, 3, 'Duck - Fat', 42687, 63, '2023-07-22'),
       (28, 4, 'Sobe - Lizard Fuel', 78454, 21, '2023-04-04'),
       (29, 5, 'Flour Pastry Super Fine', 80435, 76, '2023-07-20'),
       (30, 3, 'Jam - Marmalade, Orange', 36824, 74, '2022-12-22'),
       (31, 9, 'Sugar - Splenda Sweetener', 97448, 87, '2022-12-20'),
       (32, 2, 'Wine - Placido Pinot Grigo', 32101, 98, '2023-03-11'),
       (33, 9, 'Wheat - Soft Kernal Of Wheat', 14026, 37, '2023-05-12'),
       (34, 4, 'Cheese Cloth', 26375, 58, '2023-03-21'),
       (35, 1, 'Tea - Darjeeling, Azzura', 67284, 88, '2023-01-20'),
       (36, 5, 'Bread - Onion Focaccia', 76550, 16, '2023-01-27'),
       (37, 1, 'Bread - Rolls, Corn', 2059, 15, '2022-09-08'),
       (38, 4, 'Chocolate - Semi Sweet', 80443, 67, '2022-12-28'),
       (39, 7, 'Bagelers - Cinn / Brown', 8105, 97, '2023-06-24'),
       (40, 9, 'Goat - Whole Cut', 88441, 58, '2023-07-08'),
       (41, 6, 'Rappini - Andy Boy', 1198, 35, '2022-09-24'),
       (42, 4, 'Tomatoes - Orange', 90486, 3, '2022-09-17'),
       (43, 8, 'Pasta - Gnocchi, Potato', 82008, 37, '2022-11-29'),
       (44, 6, 'Vacuum Bags 12x16', 40884, 61, '2022-10-25'),
       (45, 7, 'Crush - Orange, 355ml', 69972, 3, '2022-09-15'),
       (46, 8, 'Cheese - Brie, Triple Creme', 23258, 85, '2023-06-16'),
       (47, 5, 'Wheat - Soft Kernal Of Wheat', 13135, 66, '2023-05-13'),
       (48, 6, 'Couscous', 58739, 32, '2023-03-04'),
       (49, 3, 'Muffin - Blueberry Individual', 53545, 14, '2022-08-22'),
       (50, 1, 'Jam - Strawberry, 20 Ml Jar', 63100, 14, '2022-09-12');
